{
    "component": [
        "Solution",
        "Services"
    ],
    "solution_types": [
        "Smart communication systems",
        "Smart ticketing systems",
        "Passenger information systems",
        "Security & surveillance systems"
    ],
    "service_types": [
        "Professional services",
        "Managed services"
    ],
    "application": [
        "Rail operations",
        "Passenger management",
        "Security operations"
    ],
    "region": [
        "North America",
        "Europe",
        "Asia-Pacific",
        "LAMEA"
    ]
}